07/11/2021 13:19:08,INFO,Some info message
07/11/2021 13:19:40,INFO,Some info message
07/11/2021 13:19:53,INFO,Some info message
07/11/2021 13:20:26,INFO,Some info message
07/11/2021 13:20:38,INFO,Some info message
07/11/2021 13:20:50,INFO,Some info message
07/11/2021 13:21:09,INFO,Some info message
07/11/2021 13:27:02,INFO,Some info message
07/11/2021 15:25:33,INFO,Some info message
07/11/2021 15:27:37,INFO,Some info message
07/11/2021 15:28:32,INFO,Some info message
07/11/2021 15:28:50,INFO,Some info message
07/11/2021 15:30:45,INFO,Some info message
07/11/2021 15:31:05,INFO,Some info message
07/11/2021 15:44:06,INFO,Some info message
07/11/2021 15:46:08,INFO,Some info message
07/11/2021 15:46:46,INFO,Some info message
07/11/2021 15:48:01,INFO,Some info message
07/11/2021 16:54:05,INFO,Some info message
07/11/2021 17:00:35,INFO,Some info message
07/11/2021 17:06:10,INFO,Some info message
07/11/2021 17:06:39,INFO,Some info message
07/11/2021 17:07:29,INFO,Some info message
07/11/2021 17:09:13,INFO,Some info message
07/11/2021 17:11:40,INFO,Some info message
07/11/2021 17:14:11,INFO,Some info message
07/11/2021 17:14:26,INFO,Some info message
07/11/2021 17:14:51,INFO,Some info message
07/11/2021 17:15:54,INFO,Some info message
07/11/2021 17:16:46,INFO,Some info message
07/11/2021 17:20:59,INFO,Some info message
07/11/2021 17:22:13,INFO,Some info message
07/11/2021 17:22:41,INFO,Some info message
07/11/2021 17:30:44,INFO,Some info message
07/11/2021 17:32:44,INFO,Some info message
07/11/2021 17:33:43,INFO,Some info message
07/11/2021 17:36:47,INFO,Some info message
07/11/2021 17:40:06,INFO,Some info message
07/11/2021 17:44:41,INFO,Some info message
07/11/2021 17:58:18,INFO,Some info message
07/11/2021 18:02:06,INFO,Some info message
07/11/2021 19:11:58,INFO,Some info message
07/11/2021 19:20:33,INFO,Some info message
07/11/2021 19:21:44,INFO,Some info message
07/11/2021 19:22:53,INFO,Some info message
07/11/2021 19:24:14,INFO,Some info message
07/11/2021 19:32:56,INFO,Some info message
07/11/2021 19:35:01,INFO,Some info message
07/12/2021 07:32:30,INFO,Some info message
07/12/2021 07:35:18,INFO,Some info message
07/12/2021 08:02:35,INFO,Some info message
07/12/2021 08:03:06,INFO,Some info message
07/12/2021 08:03:23,INFO,Some info message
07/12/2021 08:06:54,INFO,Some info message
07/12/2021 08:07:32,INFO,Some info message
07/12/2021 08:10:49,INFO,Some info message
07/12/2021 08:20:32,INFO,Some info message
07/12/2021 08:28:09,INFO,Some info message
